<beans xmlns="http://www.springframework.org/schema/beans"
       xmlns:xsi="http://www.w3.org/2001/XMLSchema-instance" 
       xmlns:tx="http://www.springframework.org/schema/tx"
       xmlns:context="http://www.springframework.org/schema/context"
       xmlns:wss="http://jax-ws.dev.java.net/spring/servlet"
       xmlns:mongo="http://www.springframework.org/schema/data/mongo"
       xmlns:ws="http://jax-ws.dev.java.net/spring/core"
       xsi:schemaLocation="http://www.springframework.org/schema/beans
	http://www.springframework.org/schema/beans/spring-beans-3.2.xsd
	http://www.springframework.org/schema/context
	http://www.springframework.org/schema/context/spring-context-3.2.xsd
	http://www.springframework.org/schema/tx
    http://www.springframework.org/schema/tx/spring-tx-3.2.xsd
    http://www.springframework.org/schema/aop
	http://www.springframework.org/schema/aop/spring-aop-3.2.xsd
    http://www.springframework.org/schema/mvc
    http://www.springframework.org/schema/mvc/spring-mvc-3.2.xsd
     http://www.springframework.org/schema/data/mongo
          http://www.springframework.org/schema/data/mongo/spring-mongo-1.0.xsd
    ">
 
    <!-- Scan the com.itcuties.registration package for Spring -->
<!-- Se utiliza para obtener informacion de la base de datos en POSTGRESQL -->	
    <bean id="propertyConfigurer" class="org.springframework.beans.factory.config.PropertyPlaceholderConfigurer">
        <property name="locations">
            <list>
                <value>WEB-INF/database.properties</value>
            </list>
        </property>
    </bean>
    
    <!--Conexion de base de datos por Mondodb--> 
    	<mongo:mongo host="127.0.0.1" port="27017" />
	<mongo:db-factory dbname="elearning" />
        
        <!--Objeto para hacer la conexion por Spring -->
        <bean id="mongoTemplate" class="org.springframework.data.mongodb.core.MongoTemplate">
		<constructor-arg name="mongoDbFactory" ref="mongoDbFactory" />
	</bean>

<!-- Este recurso es solamente si se quiere usar por POSTGRESQL-->
    <bean id="dataSource" class="org.springframework.jdbc.datasource.DriverManagerDataSource">
        <property name="driverClassName" value="${database.driver}" />
        <property name="url" value="${database.url}" />
        <property name="username" value="${database.user}" />
        <property name="password" value="${database.password}" />
    </bean>

<!-- Este recurso es solamente si se quiere usar por POSTGRESQL-->
    <!-- Hibernate session factory -->
    <bean id="sessionFactory"  class="org.springframework.orm.hibernate5.LocalSessionFactoryBean">
        <property name="dataSource">
            <ref bean="dataSource"/>             
        </property>
        <property name="packagesToScan" value="com.progra.web.elearning"/>   
             <property name="hibernateProperties">
            <props>
                <prop key="hibernate.dialect">org.hibernate.dialect.PostgreSQL82Dialect</prop>
                <prop key="hibernate.show_sql">true</prop>
                <prop key="hibernate.hbm2ddl.auto">create</prop>
            </props>
        </property>
    </bean>
    
    <tx:annotation-driven transaction-manager="transactionManager"/>
    
    <bean id="transactionManager" class="org.springframework.orm.hibernate5.HibernateTransactionManager">
        <property name="sessionFactory" ref="sessionFactory"></property>
    </bean>
    
    <bean class="org.springframework.dao.annotation.PersistenceExceptionTranslationPostProcessor"/>
    
    <!-- Permite obtener las anotaciones del sistema, para guardarlas en el contenedor ioC de Spring-->
    <context:annotation-config/>
    <context:component-scan base-package="com.progra.web.elearning" />
    
    <!--Esta es la ruta por la cual se le da acceso a los clientes para acceder al servicio web en cuestion-->
    <bean class="org.springframework.remoting.jaxws.SimpleJaxWsServiceExporter">
        <property name="baseAddress" value="http://localhost:9999/" />
    </bean>

    
               
</beans>
